"experiment", "dose", "response"
1, 0, 28
1, 0.03, 21
1, 0.1, 11
1, 0.3, 15
1, 1, 5
1, 3, 4
1, 10, 1
1, 30, 0
1, 100, 0
2, 0, 30
2, 0.0025, 30
2, 0.02, 25
2, 0.16, 25
2, 1.28, 10
2, 10.24, 0
2, 81.92, 0
3, 0, 35
3, 0.00025, 23
3, 0.002, 14
3, 0.016, 6
3, 0.128, 5
3, 1.024, 3
3, 8.192, 2
4, 0, 43
4, 0.00025, 35
4, 0.002, 20
4, 0.016, 16
4, 0.128, 11
4, 1.024, 6
4, 8.192, 0
